{"tags": [], "description": "", "objects": [{"description": "", "bitmap": null, "tags": [], "classTitle": "evzone", "points": {"exterior": [[81.0, 0.0], [284.0, 597.0]], "interior": []}}, {"description": "", "bitmap": null, "tags": [], "classTitle": "evzone", "points": {"exterior": [[292.0, 56.0], [428.0, 598.0]], "interior": []}}, {"description": "", "bitmap": null, "tags": [], "classTitle": "evzone", "points": {"exterior": [[547.0, 58.0], [686.0, 600.0]], "interior": []}}, {"description": "", "bitmap": null, "tags": [], "classTitle": "evzone", "points": {"exterior": [[691.0, 0.0], [909.0, 600.0]], "interior": []}}], "size": {"height": 600, "width": 960}}