{"tags": [], "description": "", "objects": [{"description": "", "bitmap": null, "tags": [], "classTitle": "evzone", "points": {"exterior": [[184.0, 148.0], [322.0, 598.0]], "interior": []}}, {"description": "", "bitmap": null, "tags": [], "classTitle": "evzone", "points": {"exterior": [[336.0, 188.0], [439.0, 574.0]], "interior": []}}, {"description": "", "bitmap": null, "tags": [], "classTitle": "evzone", "points": {"exterior": [[451.0, 200.0], [545.0, 495.0]], "interior": []}}], "size": {"height": 680, "width": 1024}}