{"tags": [], "description": "", "objects": [{"description": "", "bitmap": null, "tags": [], "classTitle": "evzone", "points": {"exterior": [[1262.0, 522.0], [1547.0, 1394.0]], "interior": []}}, {"description": "", "bitmap": null, "tags": [], "classTitle": "evzone", "points": {"exterior": [[813.0, 605.0], [993.0, 1131.0]], "interior": []}}, {"description": "", "bitmap": null, "tags": [], "classTitle": "evzone", "points": {"exterior": [[1604.0, 568.0], [1845.0, 1304.0]], "interior": []}}, {"description": "", "bitmap": null, "tags": [], "classTitle": "evzone", "points": {"exterior": [[597.0, 601.0], [669.0, 676.0]], "interior": []}}], "size": {"height": 1712, "width": 2288}}