{"tags": [], "description": "", "objects": [{"description": "", "bitmap": null, "tags": [], "classTitle": "evzone", "points": {"exterior": [[1105.0, 289.0], [1239.0, 673.0]], "interior": []}}, {"description": "", "bitmap": null, "tags": [], "classTitle": "evzone", "points": {"exterior": [[928.0, 278.0], [1044.0, 638.0]], "interior": []}}, {"description": "", "bitmap": null, "tags": [], "classTitle": "evzone", "points": {"exterior": [[567.0, 267.0], [746.0, 938.0]], "interior": []}}, {"description": "", "bitmap": null, "tags": [], "classTitle": "evzone", "points": {"exterior": [[373.0, 282.0], [541.0, 913.0]], "interior": []}}, {"description": "", "bitmap": null, "tags": [], "classTitle": "evzone", "points": {"exterior": [[118.0, 254.0], [285.0, 886.0]], "interior": []}}], "size": {"height": 1004, "width": 2101}}