{"tags": [], "description": "", "objects": [{"description": "", "bitmap": null, "tags": [], "classTitle": "evzone", "points": {"exterior": [[310.0, 200.0], [466.0, 677.0]], "interior": []}}, {"description": "", "bitmap": null, "tags": [], "classTitle": "evzone", "points": {"exterior": [[477.0, 212.0], [598.0, 672.0]], "interior": []}}, {"description": "", "bitmap": null, "tags": [], "classTitle": "evzone", "points": {"exterior": [[612.0, 200.0], [760.0, 666.0]], "interior": []}}], "size": {"height": 768, "width": 1024}}