{"tags": [], "description": "", "objects": [{"description": "", "bitmap": null, "tags": [], "classTitle": "evzone", "points": {"exterior": [[11.0, 1575.0], [538.0, 3166.0]], "interior": []}}, {"description": "", "bitmap": null, "tags": [], "classTitle": "evzone", "points": {"exterior": [[608.0, 1642.0], [1273.0, 3156.0]], "interior": []}}, {"description": "", "bitmap": null, "tags": [], "classTitle": "evzone", "points": {"exterior": [[1409.0, 1600.0], [2112.0, 3162.0]], "interior": []}}, {"description": "", "bitmap": null, "tags": [], "classTitle": "evzone", "points": {"exterior": [[2666.0, 1427.0], [3350.0, 2672.0]], "interior": []}}, {"description": "", "bitmap": null, "tags": [], "classTitle": "evzone", "points": {"exterior": [[4035.0, 1313.0], [4752.0, 2773.0]], "interior": []}}], "size": {"height": 3168, "width": 4752}}