{"tags": [], "description": "", "objects": [{"description": "", "bitmap": null, "tags": [], "classTitle": "evzone", "points": {"exterior": [[355.0, 92.0], [716.0, 676.0]], "interior": []}}, {"description": "", "bitmap": null, "tags": [], "classTitle": "evzone", "points": {"exterior": [[309.0, 183.0], [345.0, 239.0]], "interior": []}}, {"description": "", "bitmap": null, "tags": [], "classTitle": "evzone", "points": {"exterior": [[528.0, 79.0], [825.0, 643.0]], "interior": []}}], "size": {"height": 702, "width": 1057}}