{"tags": [], "description": "", "objects": [{"description": "", "bitmap": null, "tags": [], "classTitle": "evzone", "points": {"exterior": [[81.0, 15.0], [319.0, 679.0]], "interior": []}}, {"description": "", "bitmap": null, "tags": [], "classTitle": "evzone", "points": {"exterior": [[345.0, 37.0], [627.0, 690.0]], "interior": []}}, {"description": "", "bitmap": null, "tags": [], "classTitle": "evzone", "points": {"exterior": [[671.0, 41.0], [874.0, 696.0]], "interior": []}}], "size": {"height": 721, "width": 1024}}