{"tags": [], "description": "", "objects": [{"description": "", "bitmap": null, "tags": [], "classTitle": "evzone", "points": {"exterior": [[296.0, 254.0], [976.0, 2081.0]], "interior": []}}, {"description": "", "bitmap": null, "tags": [], "classTitle": "evzone", "points": {"exterior": [[1032.0, 349.0], [1692.0, 2116.0]], "interior": []}}, {"description": "", "bitmap": null, "tags": [], "classTitle": "evzone", "points": {"exterior": [[1978.0, 238.0], [2577.0, 2101.0]], "interior": []}}], "size": {"height": 2448, "width": 3264}}