{"tags": [], "description": "", "objects": [{"description": "", "bitmap": null, "tags": [], "classTitle": "evzone", "points": {"exterior": [[285.0, 740.0], [797.0, 2205.0]], "interior": []}}, {"description": "", "bitmap": null, "tags": [], "classTitle": "evzone", "points": {"exterior": [[590.0, 480.0], [844.0, 730.0]], "interior": []}}, {"description": "", "bitmap": null, "tags": [], "classTitle": "evzone", "points": {"exterior": [[955.0, 483.0], [1360.0, 1861.0]], "interior": []}}], "size": {"height": 2448, "width": 1733}}