{"tags": [], "description": "", "objects": [{"description": "", "bitmap": null, "tags": [], "classTitle": "evzone", "points": {"exterior": [[204.0, 282.0], [356.0, 612.0]], "interior": []}}, {"description": "", "bitmap": null, "tags": [], "classTitle": "evzone", "points": {"exterior": [[487.0, 258.0], [598.0, 606.0]], "interior": []}}, {"description": "", "bitmap": null, "tags": [], "classTitle": "evzone", "points": {"exterior": [[731.0, 278.0], [882.0, 621.0]], "interior": []}}], "size": {"height": 768, "width": 1024}}